{"pp_runs": 47.0, "pp_wickets": 1.0, "pp_run_rate": 7.5, "pp_boundary_rate": 0.1891891891891892, "pp_dot_rate": 0.5, "pp_wkts_remaining": 9.0, "mid_runs": 76.0, "mid_wickets": 2.0, "mid_run_rate": 7.35483870967742, "mid_boundary_rate": 0.16129032258064516, "mid_dot_rate": 0.4444444444444444, "mid_wkts_remaining": 8.0, "mid_only_runs": 29.0, "mid_acceleration": 0.6132697947214076, "venue_enc": 31.0, "team_enc": 6.0, "season": 2017.0, "team_hist_avg": 165.1, "venue_hist_avg": 164.53571428571428}