{"team1_encoded": 8.0, "team2_encoded": 8.0, "venue_encoded": 28.0, "season": 2016.0, "toss_winner_is_team1": 0.0, "toss_bat_first": 1.0, "team1_toss_venue_pct": 0.4909090909090909, "team2_toss_venue_pct": 0.5, "team1_win_rate": 0.50187265917603, "team2_win_rate": 0.5, "win_rate_diff": -0.0018726591760299671, "team1_recent_form": 0.6, "team2_recent_form": 0.5, "form_diff": 0.0, "team1_last2_win_rate": 0.5, "team2_last2_win_rate": 0.5, "team1_league_win_rate": 0.4957627118644068, "team2_league_win_rate": 0.5, "team1_playoff_win_rate": 0.525, "team2_playoff_win_rate": 0.525, "h2h_win_rate": 0.5, "venue_avg_score": 167.02138579982892, "team1_venue_avg": 160.0, "team2_venue_avg": 160.0, "team1_is_home": 1.0, "team2_is_home": 0.0, "is_early_season": 0.0, "is_late_season": 0.0, "team1_batting_avg": 170.08823529411765, "team2_batting_avg": 170.08823529411765, "team1_bowling_avg": 168.8515625, "team2_bowling_avg": 166.7462686567164, "team1_batting_form": 173.45210884353742, "team2_batting_form": 172.77899659863948, "team1_bowling_form": 6.130068027210884, "team2_bowling_form": 6.285671768707483, "team1_vs_opp_bowling": 166.7462686567164, "team2_vs_opp_bowling": 168.8515625, "team1_bowling_vs_opp": 170.08823529411765, "team2_bowling_vs_opp": 170.08823529411765, "team1_avg_sr": 136.07006001483873, "team2_avg_sr": 135.29005622521314, "team1_avg_economy": 5.794382617912029, "team2_avg_economy": 5.794382617912029, "team1_win_streak": 1.0, "team2_win_streak": 0.0, "team1_pp_avg": 47.96969696969697, "team2_pp_avg": 47.96969696969697, "team1_death_avg": 47.38721804511278, "team2_death_avg": 44.3048128342246, "team1_pp_wickets": 1.9045454545454545, "team2_pp_wickets": 1.8652849740932642, "team1_captain_win_rate": 0.517, "team2_captain_win_rate": 0.5, "team1_captain_exp": 97.0, "team2_captain_exp": 97.0, "captain_h2h_win_rate": 0.5}